@cryptocasinoby,10
@raysprotocol,10
@okx_ordinals,10
@cryptothirste,10
@thxugod,16
@missile_crypto,10
@mindalions,10
@kj116,10
@kj113,10
@missilecrypto,10
@bitzcazino,10
@n_game,9
@investimentos,105
@eeew2,10
@yyyg5,10
@o_z_j,19
@hhhtm,11
@zzz49,11
@zzzuv,11
@vvvcf,10
@bbbd5,10
@demurring,12
@viiix,14
@ztttu,12
@a_ddd,12
@batek1337,10
@web3ifyougo,8
@xch_nft,10
@hwjtcn,10
@merzloty,4
@ddainty,10
@i8888l8888,11
@i8888il,10
@i8888li,12
@i8888ii,10
@kunsha,104
@t_g_y,15
@q7q7qq,10
@vk_logins,10
@xrarer,10
@xo_to,10
@gasell,10
@guilingroup,10
@dontwritehere,15
@guilinclub,10
@coreevil,10
@modeangel,10
@guilin_group,10
@modedivine,10
@modeevil,10
@guilin_club,10
@rageendless,10
@guilin_chat,10
@evilendless,10
@agonizinginfinity,10
@venorez,10
@the_son_of_jesus_christ,8
@bitcoinledger,8
@x28888,10
@ssrafs,10
@kirarastars,7.99
@ksexu,11
@dubaiadub,7
@dicemanager,10
@ilbackup,10
@jsude,9
@archive_core,10
@g_e_n,30
@kobelevmsk,10
@zimyla_lmao,30
@btcwes,10
@lornu,10
@sfgq,"5,050"
@juejiang,25
@dubai145,7
@pay5000,10
@dubai137,9.86
@wesportal,10
@bahonar,20
@metamorphosis,240
@eflipper,10
@fysor,10
@waterfloss,10
@y_a_u,16.00001
@medtronic_plc,10
@shaxdam,10
@tonclemo,10
@mmtos,42
@hwtd260,67
@korotkogram,10
@tonzagon,13
@atompark,9
@pekinar,8
@cc00vv,9
@tttars,10
@lkyor,10
@ahror,104
@du0cai,10
@trx433,10
@fswap,104
@nakato,19
@soniic,25.252525
@eeear,12.12
@grafinya,51
@tttt3,104
@hount,16
@vip415,36
@mucler,10
@scam5r,10
@walletdollar,10
@rayes,12
@ne_daun,10
@vipbca,10
@utuwu,10
@hurmatliy_aka,10
@tdxy888,11
@toozw,9
@palantir_com,7
@gluder,8
@peihai1688,10
@v_e_l,16
@nneck,11
@y_2_u,15
@bandi,40
@unmev,35
@freewriter,104
@selleader,10
@girlholder,17
@fuhrer,275
@pvpmoment,10
@nnnhn,100
@n_2_f,13
@phot9,104
@e_3_h,12
@e_x_z,32
@sanrenxing,104
@hv111,30
@unitedcontinental,10
@batman80,10
@evoke,385
@okex0,15
@freemmservice,10
@paitou,35
@iosss,104
@filesystem,42
@lnvestiruet,100
@nathanrl,12
@rbxer,10
@kvartiraarendaspb,10
@rentspbcenter,10
@ll_l_l,13
@raidne,8
@conservative,515
@rentapartcenter,10
@deaths,515
@murders,515
@cydra,11
@sexbun,10
@chaoguai,20
@hold_ltc,35
@playhop,104
@drakes,35.71
@durability,100
@t424t,11
@nq111111,10
@mouyi,15
@trx_ooo,10
@bishonee,10
@elite_pizza,10
@cookieconsent,8
@sgirl,14
@wesdriq,10
@mafik,21
@coziypenis,10
@yunjinn,45
@pc338,111
@halalrent,8
@vitori,10
@chuandao,12
@vip8197,11
@jeepjeg,10
@hotpipboy,10
@rwastoreapp,7
@xdvip,104
@notwj,8.99
@drugeffect,15
@aaeee,126
@holdpioneer,10
@vipu666,10
@kontiki,15
@bilimliy_oka,10
@z23z22,8
@ericdoa,122
@wzzzs,20
@carhart,10
@bofux,10
@aqqqq77,10
@shumlo,10
@tniip,8
@thisisrust,104
@loveby,104
@doxing9,8
@kaihu_id,10
@gg555,104
@pochtenie,7.1
@losersell,7.5
@giftmonger,7
@bigmonger,8.5
@hx194,10
@odsin,15
@hx148,10
@qahhh,13
@maisan,15
@klucu,11
@denpa,50
@tongchengba,10
@weixink,20
@weixinl,20
@info_trand,6.5
@cjgs8,100
@xianxia,300
@cjgs5,100
@cjgs4,100
@cjgs3,100
@cjgs2,100
@ergofobia,10
@cjgs1,100
@shenyangrb,10
@stupi,13
@abvax,9.99
@mafaz,19
@qd_tg,8.99
@curse_israel,6.666
@rizo_axi,6.666666666
@zhenchao,15
@wb3learn,7
@ul4321,9
@tonrebe,8
@hasake,104
@tax70,8
@ransn,8.000000001
@dgm76,9
@beizhang,20
@pewul,9
@pqueen,10
@ton_terms,9
@tictoq,8.000000001
@sulon,11.11
@race247,8
@tonnod,8.5
@seksualpvp,10
@jpay,"5,050"
@bangsatd,10
@shensu,104
@kuku,"5,050"
@jdtc,"5,050"
@coxan,8
@permeen,10
@topncoin,8.1
@tuffmm,10
@buyverify,10
@obsou,10
@procron,10
@yummy_xxx,10
@obusdt,10
@yosuke,19
@btcmerchant,104
@ustozation,100
@maifeiji,104
@champion001,104
@kdeveloper,11
@hwbt249,10
@zanbiyabot,50
@shibahui1,15
@chandrani,11
@vickyy,10
@maitg,10
@projected,30
@bystx,10
@pivew,11
@tggfmfdl,10
@percach,8
@razvratnitza,10
@csjr,"5,050"
@laotg,104
@tonscaners,9
@haocu,15
@hdk686,10
@wallet_contract,10
@deadlyinfinity,10
@doxnoun,20
@hwzf86,9
@afraiid,10
@paofeng,20
@hwzf85,9
@moto_racing,15
@dou8888888888,10
@glowstone,121
@car2x,7
@d_f_c,15
@fuck_dox,33
@lf888,104
@hanane,10
@longdi1888,10
@kelake18,10
@cungu188,10
@universedeff,10
@endlessdanger,10
@endlessdick,10
@mengergg,10
@d6003,10
@addictt,10
@d4800,10
@e1700,10
@r3008,10
@replaypoker,6.5
@bxtbxs,10
@wanhaolou,10
@dxntbays,13
@qingtingfeifei,10
@mom_i_am_gangsta,10
@hudiefeifei,10
@memcoinnews,12
@stolecard,10
@zeroflipper,10
@sr888s,8
@zz777z,77
@ggg18,20
@xiaodejiu,10
@straigght,10
@jaiho_rummy,10
@ojaemin,10
@moldovaperverse,15
@cgdb,"5,050"
@filtradas0,10
@yy33a,10
@moldovacarvertical,10
@arhivamoldovei,10
@ekhtiarei,10
@dqbaoyang,10
@kkwkwk,11.11
@azubyy,10
@dqby1,10
@jishu8,104
@jishu2,104
@noahk,19
@damssel,10
@olivia1,19
@daqiaoby,10
@johnm,19
@bellak,19
@ohobb,11
@movasaq,10
@harangued,10
@qudratullo,17.5
@outnice,9.99
@sunnshine,10
@jupaikf,10
@qqian345,10
@chatgptofficial,180
@smtyc,104
@jaemdin,10
@toshmatov_eshmat,10
@mrgodmm,20
@nowcrypto,104
@yrooc,9
@lo_6i,10
@garant_2025,10
@bossii,23
@shortsales,25
@ohocc,9
@yucck,10
@uperi,10
@irfanrafli,10
@kojjang,10
@aftershocks,30
@alternate,240
@cc521,50
@akaswag,8.99
@nirwana,10
@movie_download,104
@sellerx,40
@ceeri,10
@iibos,10
@taesanw,10
@worldnewsport,12
@scamcryptocoin,10
@cq111,38
@xaeaxiimusk,10
@qvante,10
@sportsnewsbest,10
@stefa,19
@olimpicgamesport,10
@football_world_champ,10
@deliveryfoodru,10
@ae_xxx,10
@chatgptgov,40
@extroscan,10
@cry_y,113
@testrest,111
@realzlo,12
@hockeyusa,10
@coinvivid,8
@jenderall,15
@forum_zhenskiy,10
@pnerd,10
@dracoo,10
@soojin,104
@eelegan,10
@cwute,10
@admiree,10
@kataklizmy,10
@spormedia,8
@anthologist,200
@tgreward,9
@oilgas,10
@kulty,32
@cryptson,10
@vpndapp,7.9
@coffeewithbtc,100
@guyscoin,45
@interestedcrypto,10
@mmiad,10
@chatgpt,"80,000"
@processual,30
@saimin,10
@jishuzhijia,104
@dimatrofimoff,7
@everr,12
@yetim,104
@tgai,"13,650"
@digit_tg,9
@buterbrod,400
@magongfang,10
@kagongfang,10
@notpixelroyale,10
@halex,12.99
@maxufang,10
@kaxufang,10
@kristallow,10
@propertytour,15
@dummx,12
@btcaery,9
@grrrgrggrgryyh,10
@securezza,8
@kotaxbac,11
@youlost,31
@znaygdedostat,10
@dubai136,10
@imone,27
@strogq,15
@ccell,11
@plgg0,8
@koreahero,11
@nerealny,11
@lavka_d,104
@sun40watt,10
@dealerfuck,10
@tqiix,7.98
@aqiqi,21
@cryptotank,10
@lagos_tg,8
@tonswag,9
@xuanmeinv,10
@ngggo,15
@wwwll,25.00001
@r_9999,20.96
@hh11h,25
@godofwar,222
@lolzlive,88
@lztmarket,88
@vanxhh,10
@g88888o,10
@eerere,13
@jierentou,10
@nn99vv,10
@t9006,10
@laphzbazi,10
@dubaiqo,10
@gazillionairex,11
@coinfallacy,8
@ivagy,8
@rilza,11
@ton_name_service,6.4
@vip4dd,10
@cryptowallet_ru,29
@aowee,10
@hortal,10
@edwyna,10
@yuntui,99
@demove,10
@blackwidow,80
@brokebutnotbroken,105
@drugstrust,6.5
@magnum45,6.1
@kriziute,10
@filloc,8
@lkekz,10
@buxorolik_yigit,10
@mudblood,19
@paycashswap,10
@loogj,9
@supercubes,10
@j4444,176
@xurnx,10
@virussolcoin,10
@cryptocasinode,10
@mrrelief,8
@nnnsz,12
@nnnzm,12
@amicidalnordalsud,10
@www61,14
@pppue,12
@fff82,12
@f_ggg,12
@jjjeg,12
@llluc,12
@dazino777,10
@zzzus,12
@cccb3,12
@vvvgf,12
@nnn_e,13
@tu888,88
@rokitofficial,5.1
@hypertone,8
@e_cashing,6
