"username","price"
"sofik","104.00"
"betsdapp","7.99"
"tobetray","10.00"
"proxydapp","7.99"
"cryst","15.14"
"g0ldgo","10.00"
"lockchainai","10.00"
"gqqq4","10.00"
"devoured","400.00"
"mindlab","104.00"
"holldblum","10.00"
"dev_goldman","10.00"
"judgge","10.00"
"cctv01","104.00"
"tonfoundation1","10.00"
"uxnot","20.00"
"t_h_v","21.00"
"imsycho","10.00"
"ip2me","10.00"
"leg1on_adm","10.00"
"pzddd","12.00"
"ojjoo","26.00"
"wonnhee","10.00"
"hc_florida","8.00"
"carthageca","8.00"
"kanzb","104.00"
"kaichun","8.00"
"pcpc","6300.00"
"idx222","15.00"
"zeus9","16.00"
"sum1_no1","10.00"
"xibi","5050.00"
"wwwwd","100.00"
"cryptix","10.00"
"sueler","10.00"
"mkfle","10.00"
"dublax","10.00"
"skidkovedbot","10.00"
"svipbro","19.00"
"bogdan_trip_new","10.00"
"resellingbitcoin","10.00"
"zh_cnwdd","10.00"
"zh_cnwff","10.00"
"zh_cnw77","10.00"
"zh_cnjzz","10.00"
"zh_cnjoo","10.00"
"zh_cnjjv","10.00"
"zh_cnjja","10.00"
"zh_cnjay","10.00"
"zh_cnbss","10.00"
"zh_cnbll","10.00"
"zh_cnbab","10.00"
"zh_cne08","10.00"
"zh_cnexx","11.00"
"zh_cnu04","10.00"
"zh_cnddb","10.00"
"zh_cndaa","10.00"
"zh_cndll","10.00"
"as_as","10.00"
"nagummo","10.00"
"vfb_fc","8.00"
"senoritaa","10.00"
"grrim","16.00"
"cbbxx","10.00"
"dogola","104.00"
"os1int","10.00"
"uc000","16.00"
"llotso","10.00"
"hoowe","10.00"
"lord_vasete","10.00"
"yanmktg","10.00"
"sliznort","10.00"
"bangsatd","9.00"
"cknba","9.00"
"nightwing","104.00"
"safecheck","104.00"
"rl4321","9.00"
"godlywest","10.00"
"web4p","210.00"
"loversdubai","11.00"
"peter3","10.00"
"segarr","10.00"
"wantok","10.00"
"paysp","13.00"
"gtbsg","200.00"
"suzhdenie","8.00"
"u80000e","10.00"
"ziprb","8.00"
"rock_now","9.00"
"sociapatik","10.00"
"zilon","11.00"
"iiiid","176.00"
"ebatmamonta","10.00"
"funsvip","104.00"
"aitshnya","100.00"
"tonflowers","104.00"
"tingshuonb","10.00"
"pay992","10.00"
"savob","42.00"
"girangg","10.00"
"mushao","88.00"
"joooooooo","11.00"
"queenx","11.00"
"coges","11.00"
"vmild","10.00"
"demon114","10.00"
"chiang","8.00"
"cypherinvestment","104.00"
"unknownpaste","10.00"
"targetusers","9.00"
"afganica","10.00"
"rodra","11.00"
"vip06o","8.00"
"alex78","19.00"
"quantumva","104.00"
"satoshipremium182","3200.00"
"vooos","12.00"
"deelbot","104.00"
"productchat","10.00"
"nonpocu","10.00"
"win678","61.00"
"fiipv","8.00"
"soyeon","114.00"
"saphira","19.00"
"sertufn","10.00"
"buduile","10.00"
"buduidi","10.00"
"ehaly","12.00"
"jellal","104.00"
"qingkui","12.00"
"all_stars","104.00"
"vv7744","9.00"
"bandai","140.00"
"namco","240.00"
"sacrament","333.33"
"pparty","15.00"
"vanaert","8.00"
"k666r","14.00"
"car2x","10.00"
"kkkhhk","10.10"
"umrahaj","10.00"
"networkstrader","8.00"
"bole","5050.00"
"fulldefend","11.00"
"sentrlik","30.00"
"mjantan","8.00"
"exemps","10.99"
"coachwhales","10.00"
"garreter","8.10"
"peepees","10.00"
"achuan","104.00"
"aheng","104.00"
"neprostorbn","10.00"
"kabaq","10.00"
"len333","10.00"
"jennixe","10.00"
"betu","5050.00"
"pytestbdd","10.00"
"blikbig","10.00"
"hangzhou_666","10.00"
"master_busines","10.00"
"nezir","26.00"
"dzpay","104.00"
"tg_combine","104.00"
"gullds","104.00"
"kurtqobain","9.00"
"giftstelega","18.00"
"syuuu","42.00"
"fusang","13.00"
"cereal","345.68"
"xiian","9.00"
"hwpayqun","10.00"
"thaina","9.00"
"t_a_z","30.00"
"fathefr","10.00"
"boss577","10.00"
"telekeci","8.00"
"ebed_tg","8.00"
"poujie","10.00"
"kingarthur","199.00"
"genite","10.00"
"socialneed","11.00"
"dajiating","104.00"
"durovtime","11.00"
"zhongjieb","10.00"
"zuche7","10.00"
"yuwuriymain","10.00"
"id3435","8.00"
"tg2225","8.00"
"vskirt","10.00"
"tapswap_buyer","7.00"
"oryoloblast","7.00"
"eldor_khalliyev","7.00"
"mollar_qoylar_mushuklar_itlar","7.00"
"oooroof","10.00"
"aigrim","6.00"
"angelicdawn","6.00"
"exendacvv","10.00"
"yinniu","11.00"
"kosovoserbian","20.00"
"dilinur","50.00"
"sounghoon","12.00"
"dilfv","12.00"
"banna","122.00"
"ranzkyle","104.00"
"nianaguerrero","104.00"
"lively","333.00"
"recent","765.00"
"nawep","12.00"
"latviya","39.00"
"siarlyo","10.00"
"jailyneojedat","10.00"
"andy_tokk","10.00"
"crypto_gifts","29.40"
"seikyo","11.00"
"amstedy","10.00"
"qiangguo","20.00"
"websoon","104.00"
"elonmusk","5000.00"
"wizzwoodsnft","10.00"
"z_1vin","12.00"
"vip2340","8.00"
"kushy","85.00"
"diceman","39.00"
"metalabs","69.00"
"kot_andriy","10.00"
"jiamiquan","104.00"
"mrtiger","150.00"
"nomatter","170.00"
"huifen","23.00"
"holyswan","100.00"
"ceovolgograd","10.00"
"fragmentiser","15.00"
"a_t_4","14.00"
"internationaleurocashout","10.00"
"fuqiang","104.00"
"verybigmonkey","100.00"
"odunokiy","10.00"
"huide","104.00"
"kkece","10.00"
"tuesea","10.00"
"nft_manager","8.00"
"graciouus","10.00"
"rrret","19.00"
"ga9999","15.00"
"daniellej","12.00"
"verito","152.00"
"btc10o","7.00"
"q_c_z","17.01"
"moonboysuzb","10.00"
"stolecard","11.00"
"bateria","19.00"
"tabichain","80.00"
"v_n_b","20.01"
"bet9z","10.00"
"bet8p","10.00"
"vip06o","10.00"
"vip04o","10.00"
"vip0o6","10.00"
"vip0o4","10.00"
"crsteano","10.00"
"ok_trx","10.00"
"uzadmin","104.00"
"eatm24","8.00"
"bet7z","10.00"
"zakman","10.00"
"vip8o0","10.00"
"kilinet","15.00"
"ifiva","11.00"
"difow","10.00"
"btc4o","10.00"
"woydo","8.00"
"surda","10.00"
"o_a_v","26.00"
"onome","10.00"
"bet9l","10.00"
"bet40o","10.00"
"btc10o","10.00"
"fll03","12.00"
"qunchat","10.00"
"btc30o","10.00"
"coinnewchat","10.00"
"fll02","104.00"
"easonchan","10.00"
"fll01","104.00"
"g4004","10.00"
"personazh","31.50"
"bet1o0","10.00"
"moner","50.00"
"patrisia","10.00"
"bet3o","10.00"
"uniformer","13.00"
"stfunigger","10.00"
"nyancats","10.00"
"mahsty","10.00"
"vip4o0","10.00"
"vip3o0","10.00"
"ziyolimanku","10.00"
"himmatli_kishi","10.00"
"yorllchl","7.00"
"trade_specialist","30.00"
"nft_manager","20.00"
"btc300","10.00"
"satoshipremium192","3200.00"
"zuiteng","20.00"
"vip2340","10.00"
"tg2225","10.00"
"id3435","10.00"
"gffff","110.00"
"highkeyed","10.00"
"f_l_z","18.02"
"wawwww","18.00"
"k_6_n","15.01"
"chupito","10.00"
"reinar","10.00"
"alternatively","50.00"
"batom","39.00"
"nftdur","10.00"
"c_8_w","17.00"
"holderblack","10.00"
"sasik","10.00"
"vip117","70.00"
"msci_inc","66.00"
"noirov","10.00"
"pizdelu","10.00"
"mrblackadam","6.00"
"papplejuicebot","10.00"
"amped","104.00"
"uvezli","10.00"
"seaworld","104.00"
"tagline","104.00"
"xunmang","15.00"
"axtemovmuzafferserverovich","10.00"
"autolivechart","10.00"
"appleasset","10.00"
"alfa_ai","10.00"
"bch_bank","10.00"
"crypto_o1","10.00"
"cryptocaliphs","10.00"
"fragment_plus","10.00"
"pytoxic","9.00"
"notpixel_uzbekistan","7.00"
"covert","504.00"
"tavbada","8.00"
"cryptohunter77777","5.00"
"limbo","315.00"
"activeusmemer","10.00"
"gosia","10.00"
"ysdby","10.00"
"c33kc","12.00"
"zielinskiandrosen","11.00"
"bestregards","350.00"
"r6300","10.00"
"w5600","10.00"
"w3900","10.00"
"w8400","10.00"
"neptuna","10.00"
"pd9999","25.00"
"godesay","10.00"
"wicodyn","10.00"
"ynoci","10.00"
"apinesushectvuet","10.00"
"dexaz","10.00"
"dd22ww","10.00"
"bethoven","184.00"
"m_1n_d","10.00"
"transactional","69.00"
"voicemail","840.00"
"cupidon","50.00"
"nearlywed","10.00"
"na_obnale","10.00"
"chutao","15.00"
"legos","142.00"
"ynusd","10.00"
"shaieye","10.00"
"despising","22.00"
"jennij","11.00"
"sanjin","56.00"
"p61ch","10.00"
"xo_to","11.00"
"n_7_7","30.00"
"laisou","20.00"
"retribution","120.00"
"bitfake","9.00"
"yawn","7841.00"
"tapopac","10.00"
"qg8888","33.00"
"qd8888","33.00"
"er8888","33.00"
"ih8888","30.00"
"defiexplorer","8.99"
"theworst","100.00"
"shao1","20.00"
"yq123","20.00"
"uouuu","138.00"
"hashcashfoundation","10.00"
"usuuu","143.00"
"cryptosearc","10.00"
"i6669","20.00"
"boidsnakes","10.00"
"zeazo","12.00"
"sativaqq","10.00"
"kingronaldinho","10.00"
"tribeca","98.00"
"liwov","11.00"
"huhoc","11.00"
"entropy","69.00"
"inked","50.00"
"impala","68.25"
"hotties","25.00"
"sequencing","25.00"
"veber_gold","11.00"
"crass","75.00"
"chalkboard","15.00"
"yj111","25.00"
"aqilli_kishi","10.00"
"slotted","31.50"
"pay4v","12.00"
"ecccv","23.10"
"jiejiedanbao","10.00"
"mushmanreal","10.00"
"zx333","25.00"
"zikrliman","12.00"
"mantle_ton","10.00"
"ouyangbin","10.00"
"grirlish","10.00"
"tangwuling","10.00"
"bought_telegram","10.00"
"pointclub","10.00"
"mp888","88.00"
"modded3rqcars","10.00"
"xaavier","10.00"
"vipl111","8.00"
"dykhi","10.00"
"juyoo","15.00"
"autopix","10.00"
"pucky","19.00"
"feijilou","10.00"
"roizy","11.00"
"shaggy_tg","104.00"
"xaicom","9.00"
"hhappy","17.00"
"lick_my_eggs","10.00"
"fastlane","104.00"
"ii22vv","10.00"
"moevideo","104.00"
"mushtariybonu","10.00"
"g000g","40.00"
"zosan","11.00"
"zoror","15.00"
"cilene","10.00"
"coin3_3","9.00"
"ctewc","11.00"
"v_8_8","30.00"
"tgfun","104.00"
"wuvoo","10.00"
"claarakush","10.00"
"jajton","8.00"
"pp3399","10.00"
"rugerio","10.00"
"questhub","104.00"
"lactose","55.00"
"pnevmobarter","104.00"
"xivivided","10.00"
"mmhmhm","11.11"
"lordv","16.00"
"larkoss1donate","10.00"
"cccbc","170.00"
"teenladys","7.70"
"aura0","7.50"
"daqun10","100.00"
"thiicc","10.00"
"j8yes","10.00"
"sb8oo","10.00"
"wushentg","10.00"
"wushen899","10.00"
"cdcdcd","20.00"
"belturbet","8.00"
"fc234","10.00"
"bet798","16.00"
"caofestya3","10.00"
"kuaimen","10.00"
"uukf9","10.00"
"danielito","19.00"
"android","4023.00"
"warung","19.00"
"k_6_s","16.01"
"vv33gg","10.00"
"berserkkenpachi","7.00"
"vv33oo","10.00"
"oo77vv","10.00"
"snosyat","10.00"
"biiir","12.00"
"nguoiduatin","10.00"
"zhenchen","14.00"
"vannia","13.00"
"nnaaan","10.00"
"pinkpunk","104.00"
"dryrage","10.00"
"wooins","10.00"
